0,1,2,3,4,5,6,7,8,9,10,11,12,13,14
0.051948051948045186,0.0,0.33333333333331755,0.5000000000000236,0.0,0.0,0.37868614042145,0.0,-0.18508793619014255,-0.21782001117942984,-0.8454809743381004,-0.8181818181818182,-1.0,0.0045177621582046775,-1.0
-0.727272727272725,0.0,-0.3333333333333649,0.16666666666665877,0.25,0.0,-0.8689544202741591,-0.2857142857142857,0.1763930725861092,-0.7130240357741755,0.5224484348621039,-0.6363636363636364,-1.0,-0.1753753317555374,-0.9906976744186047
1.2987012987012996,194.66666666666035,0.33333333333331755,0.8333333333333649,0.0,-1.0,-0.30528823838846425,0.48571428571428654,0.40174574201321955,-0.29366126327557296,0.5259472793314607,-0.45454545454545453,-0.3333333333333333,-0.4750912969135091,-0.9813953488372092
0.46753246753246575,0.0,0.33333333333331755,-0.16666666666665877,0.0,-4.000000000000018,0.06529071386576725,0.028571428571431006,-0.18807135557096732,0.46725544997205143,-0.15510179568794674,-0.2727272727272727,-0.3333333333333333,0.33738142565958085,-0.9720930232558139
-0.1558441558441577,0.0,-4.736951571734046e-14,-0.16666666666665877,0.25,-1.0,-0.47857164959618775,-0.4571428571428555,0.09341491904620962,0.6745667970933482,0.22740531655311558,-0.09090909090909091,-0.3333333333333333,0.0599669208687907,-0.9627906976744186
0.6753246753246687,90.66666666666225,0.33333333333331755,0.6666666666666825,0.0,-2.0000000000000178,0.13757465111241762,0.5999999999999984,-1.2549242502076305,-0.7073896031302404,-0.03731819020990844,0.09090909090909091,0.3333333333333333,0.3825211548780441,-0.9534883720930233
0.1558441558441577,0.0,-0.3333333333333649,0.5,0.25,-1.0,-0.3486090911903951,0.6857142857142874,0.5570546624854307,0.6852990497484628,-0.5690962838401433,0.2727272727272727,0.3333333333333333,-0.2771650467305318,-0.9441860465116279
-0.10389610389610145,0.0,-1.0000000000000473,-0.6666666666666587,0.0,0.0,0.6617569700157812,-0.4571428571428555,0.4553516432734163,1.533236444941308,-0.943440611953014,0.45454545454545453,0.3333333333333333,0.22400657161848433,-0.9348837209302325
-0.20779220779221397,170.66666666666035,0.33333333333331755,-0.16666666666665877,0.25,-2.0,-0.6261100968530495,-0.22857142857142776,-0.7030787880555542,-1.87854667411962,-0.5737611132242088,0.6363636363636364,1.0,-0.38477575051126495,-0.9255813953488372
0.7792207792207811,0.0,0.33333333333331755,0.16666666666668245,0.0,-2.0000000000000178,0.3047931429278708,0.0,0.6875777352164321,0.7504080491894913,0.42682210166445367,0.8181818181818182,1.0,0.31620681200944334,-0.9162790697674419
0.4155844155844095,0.0,-4.736951571734046e-14,0.33333333333334125,0.25,-3.0,1.0891481263731164,0.0857142857142849,-0.29821564063606654,-1.0648630519843487,-0.32886335377477066,1.0,1.0,0.2248005068554729,-0.9069767441860465
-0.20779220779220658,16.0,1.3333333333333175,-0.5,0.0,-2.0000000000000178,0.13794597270786274,0.2285714285714318,-0.7398372576443147,-0.8511123532699832,-0.42565611674974496,-1.0,-1.0,0.3190893382391915,-0.8976744186046511
0.3636363636363606,0.0,-4.736951571734046e-14,-0.16666666666665877,0.0,-1.0,-0.001670947179503048,0.6571428571428564,1.0554100534919304,1.8375852431525992,0.339358552594995,-0.8181818181818182,-1.0,0.05301998754514097,-0.8883720930232558
3.691131094857655e-15,0.0,0.0,-0.4999999999999763,0.25,-2.0,-1.5675341151715816,-0.0857142857142849,-0.14001773659076547,-0.9252543320290665,0.3895043563171605,-0.6363636363636364,-1.0,0.14937756154069448,-0.8790697674418605
-0.571428571428571,78.66666666666414,0.9999999999999526,-0.33333333333334125,0.0,-1.0000000000000178,1.2469598044372932,-0.3714285714285706,-0.03276042938248564,0.04833985466741196,-0.10495688169101182,-0.45454545454545453,-0.3333333333333333,-0.09863968670232909,-0.8697674418604651
0.9350649350649278,0.0,0.0,0.5000000000000236,0.0,-1.0,-0.7346597765881734,0.7142857142857143,0.0034324700037558693,1.7953717160424818,-0.284547919488764,-0.2727272727272727,-0.3333333333333333,-0.7579749328481908,-0.8604651162790697
0.05194805194805257,0.0,-4.736951571734046e-14,-0.16666666666665877,0.25,-1.0,-0.39131107466658416,0.8571428571428612,-0.09764639537633926,-1.2750363331470096,0.6915447187022471,-0.09090909090909091,-0.3333333333333333,-0.18984209485225476,-0.8511627906976744
0.2597402597402629,59.9999999999981,0.0,-0.33333333333334125,0.0,-1.0,0.45864405730729957,-1.3142857142857167,-0.8580314013894661,-0.2275684740078256,0.7918363261465781,0.09090909090909091,0.3333333333333333,-0.17467251863097596,-0.8418604651162791
0.051948051948045186,0.0,-4.736951571734046e-14,2.368475785867023e-14,0.0,-1.0,-1.9590308506358882,0.05714285714285795,0.2638021458677841,-0.09108999441028508,-0.5725946834468848,0.2727272727272727,0.3333333333333333,0.15595459321983818,-0.8325581395348837
0.519480519480522,0.0,0.6666666666666351,0.0,0.0,-1.0000000000000178,0.9090571525822323,-0.057142857142853894,0.47326051670949165,-0.9088876467300168,0.8023324146920331,0.45454545454545453,0.3333333333333333,0.09527719053385604,-0.8232558139534883
-0.05194805194805257,89.33333333332828,0.6666666666666351,0.5000000000000236,0.0,-1.0,1.3513011727573723,1.057142857142858,0.4874857250718117,2.4077361654555616,1.414576368453013,0.6363636363636364,1.0,0.3166867819481682,-0.813953488372093
-0.1558441558441577,0.0,2.333333333333365,1.6666666666666825,0.0,-1.0,-1.0013924559829193,0.40000000000000163,-0.03733350426493103,-1.3399664617104527,-0.7650146693447399,0.8181818181818182,1.0,-0.09778981511909818,-0.8046511627906977
0.31168831168831174,0.0,-1.0000000000000473,-0.16666666666665877,0.0,-1.0,0.9250239811863725,-0.3714285714285706,-0.6134512672214637,0.5849524874231414,0.7615162697379985,1.0,1.0,0.35944290105739996,-0.7953488372093023
0.7792207792207738,73.33333333333206,0.6666666666666351,0.6666666666666825,0.0,-2.0000000000000178,-1.6539282730451466,-0.7428571428571453,-0.3070109989824019,-0.5314700950251537,-0.5795923723855982,-1.0,-1.0,0.18291320551126383,-0.786046511627907
-0.31168831168831174,0.0,-4.736951571734046e-14,0.5000000000000236,0.0,-2.0,1.4489587523594394,4.0602442043434294e-15,0.6071164630956929,0.25019564002235883,1.0903782889249232,-0.8181818181818182,-1.0,-0.3083170805918697,-0.7767441860465116
-0.5194805194805147,0.0,1.0,0.33333333333334125,0.0,-1.0,-0.40170807933904756,-0.5142857142857135,0.07111390304958816,-0.3953493571827837,-0.11661762056333123,-0.6363636363636364,-1.0,0.2002814410195211,-0.7674418604651163
0.20779220779220658,-43.9999999999981,-0.3333333333333649,0.8333333333333413,0.0,0.0,0.42881455580654143,0.05714285714285795,-0.7197645088526831,-0.0952934600335383,1.2991247328043938,-0.45454545454545453,-0.3333333333333333,0.7365783782113496,-0.7581395348837209
-1.1428571428571455,0.0,1.0,1.333333333333365,0.0,0.0,0.23077637156914318,-0.7714285714285722,0.35390848967569555,0.3482168809390721,1.533527293433606,-0.2727272727272727,-0.3333333333333333,0.7039286937893289,-0.7488372093023256
0.4155844155844169,0.0,0.9999999999999526,1.1666666666666825,0.0,-2.000000000000009,-2.3349320790915,-0.971428571428569,-0.18002763939699348,0.22515371716042482,1.388921141428499,-0.09090909090909091,-0.3333333333333333,0.05743535010175679,-0.7395348837209302
-0.8311688311688301,-66.66666666666414,0.33333333333331755,2.333333333333365,0.25,0.0,1.0637744840176997,-0.2857142857142857,-0.6477302536423571,0.021240916713247623,-1.9428569522017387,0.09090909090909091,0.3333333333333333,-0.9541076111548803,-0.7302325581395349
0.8311688311688301,0.0,-0.6666666666666825,-0.6666666666666587,0.0,-1.0000000000000089,0.3578921310765232,0.42857142857142855,0.00023677898430549127,0.1496702068194522,-1.0915456084274762,0.2727272727272727,0.3333333333333333,-0.07236584355280605,-0.7209302325581395
-0.9870129870129914,0.0,-4.736951571734046e-14,0.33333333333334125,0.0,0.0,-0.20565027694402327,-1.7428571428571413,0.3707136341624292,0.33095584125209615,-1.8145772581782438,0.45454545454545453,0.3333333333333333,0.24046899919726833,-0.7116279069767442
-1.1428571428571381,-186.66666666666035,-0.6666666666666825,-0.16666666666665877,-0.5,0.0,-5.010799269734195,-1.6285714285714294,0.1778273686482792,-0.9360760201229738,-3.9148688656225756,0.6363636363636364,1.0,0.11920531593773112,-0.7023255813953488
-2.1298701298701257,0.0,-1.3333333333334123,-2.1666666666666825,-0.5,0.0,5.454404802425968,-1.7142857142857142,-0.15771717981959854,0.12990497484628283,-1.6466469592528095,0.8181818181818182,1.0,-0.44695080375793006,-0.6930232558139535
-1.5584415584415587,0.0,-1.0,-0.8333333333333175,-0.75,1.0000000000000089,0.16245319800724078,-1.4571428571428555,-0.3704767089279789,-0.6217104527669088,-1.2326533608258443,1.0,1.0,0.19143086752536476,-0.6837209302325581
-3.2727272727272605,-559.9999999999792,-0.3333333333333649,-2.5000000000000235,-0.5,1.0,0.7523594393043909,-1.4857142857142844,-1.1803942571704955,1.6514700950251537,-0.42682210166445284,-1.0,-1.0,-2.4182098970793784,-0.6744186046511628
-1.3506493506493484,0.0,0.3333333333332702,-1.0,0.0,1.0000000000000089,-2.267227774855339,-0.6571428571428564,1.3070623850153937,-0.507054220234768,0.27288584602860033,-0.8181818181818182,-1.0,-0.36365617100823683,-0.6651162790697674
0.10389610389610145,0.0,-1.0,-1.1666666666666587,-0.5,2.0,0.2386978989386391,0.6000000000000004,0.7505847211366485,0.4855002794857462,0.4851311343774261,-0.6363636363636364,-1.0,-0.5660528178949393,-0.6558139534883721
-1.1948051948051943,30.666666666666035,-0.6666666666667298,-2.5000000000000235,-0.25,2.0000000000000178,0.13398520902311478,-0.1714285714285698,-0.7439132909634824,-0.314678591391839,0.08396470460010191,-0.45454545454545453,-0.3333333333333333,0.5924746217022648,-0.6465116279069767
1.5064935064935023,0.0,0.0,2.368475785867023e-14,-0.25,-1.0000000000000178,0.738496766407773,0.5714285714285714,0.16659310110279818,0.06416992733370598,1.6851306895148113,-0.2727272727272727,-0.3333333333333333,0.10120824763381361,-0.6372093023255814
0.675324675324676,0.0,0.6666666666666351,-0.5,0.0,1.0000000000000178,-0.7045827273571186,0.6571428571428604,0.8042790410557688,0.3593068753493572,0.3311953236041881,-0.09090909090909091,-0.3333333333333333,-1.4258088948263616,-0.627906976744186
-0.571428571428571,67.99999999999811,-1.0000000000000473,-2.1666666666666825,0.0,0.0,0.8725438623634619,0.6571428571428564,-1.1326567474316722,-0.28579094466182225,-0.13760979765423947,0.09090909090909091,0.3333333333333333,-0.059043068956658576,-0.6186046511627907
0.6753246753246687,0.0,0.6666666666666351,0.5000000000000236,0.0,-1.0000000000000178,-0.961908593000588,0.1142857142857159,0.025153708640942223,-0.08545556176634991,-0.026822101664453486,0.2727272727272727,0.3333333333333333,-0.2779968743311039,-0.6093023255813953
1.4545454545454535,0.0,-1.0000000000000473,-0.6666666666666825,0.0,0.0,1.4415323204505368,0.5714285714285714,-0.07829043943686963,0.06103968697596423,-0.010495643682839652,0.45454545454545453,0.3333333333333333,-1.2647068044535257,-0.6
-0.9870129870129841,89.33333333332828,0.33333333333331755,-0.16666666666665877,0.0,-1.0,-0.46681313240709227,-0.5714285714285714,0.771412872818649,-0.22273896031302404,0.6588918027390194,0.6363636363636364,1.0,-1.7299032323764985,-0.5906976744186047
0.31168831168830435,0.0,-0.3333333333333649,0.5000000000000236,0.0,0.0,-0.36420459819909023,0.48571428571428654,-0.29486087124491395,0.3373951928451649,-0.05364464819152227,0.8181818181818182,1.0,-0.7607464885845872,-0.5813953488372093
0.05194805194805257,0.0,0.33333333333331755,0.0,0.0,0.0,-0.76993532815546,-0.3999999999999976,0.0060778844072494715,0.41064281721632195,0.15626822546527075,1.0,1.0,0.08788637523679908,-0.5720930232558139
0.4155844155844169,82.66666666666414,-4.736951571734046e-14,0.3333333333333649,0.0,-1.0,1.6669245288857257,0.6571428571428564,-1.470419158451387,-0.48219116825041924,-0.8408165898166502,-1.0,-1.0,-1.0440361141290926,-0.5627906976744186
-0.6233766233766271,0.0,-1.0,-0.33333333333334125,0.0,0.0,-0.7542160472816165,-0.057142857142853894,1.2055461063453121,-0.08366685299049749,0.7032072370250261,-0.8181818181818182,-1.0,-1.0860898712133293,-0.5534883720930233
1.2467532467532432,0.0,0.6666666666666351,0.33333333333334125,0.0,0.0,-0.07048921620199895,0.9428571428571421,0.3119173988375475,0.6587367244270542,0.39183632614657793,-0.6363636363636364,-1.0,0.27313672760194796,-0.5441860465116279
1.0389610389610404,253.3333333333245,0.9999999999999526,1.0000000000000238,0.0,-2.000000000000009,0.3231116749698301,0.5428571428571445,-0.6499576015607229,-0.8389491335941867,0.19241954103523987,-0.45454545454545453,-0.3333333333333333,1.0929077900609683,-0.5348837209302325
1.2467532467532432,0.0,-0.6666666666666825,0.5000000000000236,0.0,-1.0,-0.807686357025714,0.028571428571426947,-0.25070001325966484,0.5544550027948575,-1.5067056366317677,-0.2727272727272727,-0.3333333333333333,0.1444434344826373,-0.5255813953488372
-0.4155844155844169,0.0,0.33333333333331755,0.6666666666666825,0.0,0.0,-0.4806758053037101,0.42857142857143266,0.4932797379481549,0.7843935159306875,0.10728796179519864,-0.09090909090909091,-0.3333333333333333,-0.41642579829398657,-0.5162790697674419
-0.20779220779220658,114.66666666666225,-0.3333333333333649,0.33333333333334125,0.0,-1.0000000000000089,0.8898722034842343,-0.2857142857142857,-1.2335946276722551,-1.718278367803242,0.3008743774703778,0.09090909090909091,0.3333333333333333,0.795076067792145,-0.5069767441860465
0.6233766233766198,0.0,-4.736951571734046e-14,-0.33333333333331755,0.0,0.0,0.801373889903147,0.5428571428571445,1.2653844366299742,0.9009278926774734,-0.9061224217431055,0.2727272727272727,0.3333333333333333,0.07256793615858495,-0.49767441860465117
0.5194805194805147,0.0,-0.3333333333333649,0.33333333333334125,0.0,-1.0,-0.6943094965498036,-0.42857142857142855,0.1123296591919297,-0.09502515371716043,0.8524782184141986,0.45454545454545453,0.3333333333333333,0.216837697308131,-0.4883720930232558
0.7792207792207811,78.66666666666225,0.0,0.33333333333334125,0.0,-1.0,0.07482130148219203,0.028571428571426947,-1.102486220076319,1.2256679709334823,0.08396470460010191,0.6363636363636364,1.0,-0.6529697801633928,-0.4790697674418605
-0.363636363636368,0.0,0.6666666666666351,0.33333333333334125,0.0,0.0,0.6868830646409011,1.171428571428574,1.4903930839309416,-0.5499832308552264,0.22623888677579157,0.8181818181818182,1.0,0.21765057872691132,-0.4697674418604651
0.31168831168831174,0.0,0.6666666666666351,0.8333333333333649,0.0,0.0,-1.3029055914843581,-0.8857142857142841,-0.4357274645685257,-0.614108440469536,0.7615153800127662,1.0,1.0,0.4402799433689604,-0.4604651162790698
0.3636363636363606,218.66666666665844,1.0,1.3333333333333413,0.0,0.0,0.4882260110777609,1.0,-0.5750751456748071,0.29777529346003356,0.00816367385342222,-1.0,-1.0,-0.8163805981174261,-0.4511627906976744
0.4155844155844169,0.0,-4.736951571734046e-14,0.6666666666666825,0.0,-1.0000000000000089,0.005012841538509144,0.22857142857142776,0.6837234171166634,-0.6636556735606484,0.4711366462252313,-0.8181818181818182,-1.0,-0.1912838090666953,-0.4418604651162791
0.10389610389610145,0.0,1.3333333333333175,0.6666666666666825,0.0,-1.0,-1.457746696784974,-0.9428571428571421,0.29990612516603443,0.15557294577976524,1.0507285737482126,-0.6363636363636364,-1.0,0.8534447428969298,-0.4325581395348837
3.691131094857655e-15,33.33333333333207,0.6666666666666351,1.0000000000000238,0.25,-1.0000000000000089,0.8820744499798867,0.28571428571428975,-0.4022381453576218,1.0874007825600895,0.754518580799285,-0.45454545454545453,-0.3333333333333333,-0.20517767571399476,-0.4232558139534884
0.4155844155844095,0.0,0.0,-0.16666666666665877,0.0,0.0,-0.9584429247764334,0.7142857142857143,-0.26509357643143816,0.1525321408608161,-1.3959188303672108,-0.2727272727272727,-0.3333333333333333,-0.4888381051021391,-0.413953488372093
-0.7792207792207738,0.0,-0.6666666666667298,0.0,0.0,-1.0,0.4151994306402203,-0.22857142857142776,-0.4003806849481366,0.15324762437115708,-0.9352769380995918,-0.09090909090909091,-0.3333333333333333,-0.16999822492320593,-0.4046511627906977
1.4545454545454461,66.66666666666414,0.6666666666666351,0.5000000000000236,0.25,0.0,0.46916483584491137,-0.6571428571428564,-0.6057553756773953,-1.5969144773616546,-0.05364464819152227,0.09090909090909091,0.3333333333333333,0.16491703940647928,-0.3953488372093023
-0.3636363636363606,0.0,-0.3333333333333649,-0.33333333333331755,0.0,0.0,-1.1840826809419192,-0.1714285714285698,0.6284784695916855,0.3183454443823365,-0.8897959637614934,0.2727272727272727,0.3333333333333333,-0.5837729110650438,-0.386046511627907
-0.8831168831168863,0.0,0.6666666666666825,0.16666666666665877,0.0,-1.0,0.43723117863663086,-1.0,-0.37360257594976315,-0.11479038569032979,-1.2069972440760988,0.45454545454545453,0.3333333333333333,0.3891351767216384,-0.3767441860465116
0.6233766233766271,0.0,-4.736951571734046e-14,0.16666666666668245,0.0,0.0,0.7651081474146734,0.31428571428571267,0.6558968617236534,0.5664393515930688,1.5451898117563834,0.6363636363636364,1.0,0.5157958151944319,-0.3674418604651163
-0.2597402597402629,0.0,-4.736951571734046e-14,-0.16666666666665877,-0.25,-1.0000000000000089,-0.10031871770275706,-0.914285714285711,-0.4201976213437711,-0.24375628842929012,0.7498537514152211,0.8181818181818182,1.0,-0.011224710512491963,-0.3581395348837209
-0.6233766233766198,0.0,-0.3333333333333649,-0.8333333333333175,-0.25,0.0,0.06590958319150911,0.3714285714285706,-0.28299066628442443,0.9014645053102291,-0.2647230619004104,1.0,1.0,0.2448293276067747,-0.3488372093023256
0.10389610389610145,26.666666666666035,1.3333333333333175,0.5,0.0,0.0,-0.14487730915617167,-0.3999999999999976,0.22790454641661495,-0.8701621017328116,-0.12711370910878286,-1.0,-1.0,0.12951474542985392,-0.3395348837209302
-0.4155844155844169,0.0,0.6666666666666825,0.33333333333334125,0.0,0.0,1.0905096388897484,0.0857142857142849,-0.22323841465637048,-0.04968138624930129,0.9154511907860059,-0.8181818181818182,-1.0,0.18780944020573748,-0.3302325581395349
0.9870129870129841,0.0,0.9999999999999526,0.6666666666666825,0.0,0.0,-1.0558529566482038,0.45714285714285957,0.34640368439214586,0.5672442705422024,-0.558601085019919,-0.6363636363636364,-1.0,-0.5990345115978827,-0.3209302325581395
-0.9870129870129841,12.0,0.0,2.368475785867023e-14,0.0,1.0000000000000089,-1.1354395519386082,-0.5999999999999984,-0.108276984110162,-0.425757406372275,0.12944656866343424,-0.45454545454545453,-0.3333333333333333,0.7020439998006139,-0.3116279069767442
0.8311688311688301,0.0,-0.6666666666667298,-0.6666666666666587,0.0,-1.0000000000000089,0.7512454745180556,0.2857142857142857,0.12171143883284614,0.43371716042481834,-2.2250733467237005,-0.2727272727272727,-0.3333333333333333,-0.5801144935809659,-0.3023255813953488
-0.519480519480522,0.0,-0.3333333333333649,-0.6666666666666825,0.0,0.0,0.5810564099390414,-0.7428571428571412,-0.12727567183895275,-1.0545779765231973,-0.26938789128447416,-0.09090909090909091,-0.3333333333333333,-0.01966839219769168,-0.2930232558139535
0.31168831168831174,26.666666666666035,-0.3333333333333649,-0.33333333333331755,-0.25,0.0,1.0719435591174924,0.14285714285714285,-0.3595033934264383,1.3255673560648407,0.27521826072063305,0.09090909090909091,0.3333333333333333,-0.5740174318405471,-0.2837209302325581
-0.05194805194805257,0.0,1.3333333333333175,0.5000000000000236,0.0,0.0,-1.4821301482192035,-0.1142857142857159,0.5319243329747663,-0.8734712129681387,0.8944607931455572,0.2727272727272727,0.3333333333333333,-2.710793978091447,-0.2744186046511628
-0.46753246753246575,0.0,0.33333333333331755,0.5,0.0,0.0,-0.2544171798124826,-0.6571428571428564,0.5350946600405462,0.5329904974846282,-0.5854227418217588,0.45454545454545453,0.3333333333333333,-0.6947831011787006,-0.2651162790697674
-0.8311688311688301,-41.33333333333207,-0.3333333333333649,-0.16666666666665877,0.0,0.0,0.6080391125413869,0.7142857142857183,-0.474000960299343,0.5904080491894913,-0.7801755872742587,0.6363636363636364,1.0,1.0090767999267414,-0.2558139534883721
-0.4155844155844169,0.0,-0.3333333333333649,2.368475785867023e-14,0.0,0.0,0.059720889934090415,-0.7999999999999992,0.3706942873575702,-0.5920178870877585,0.22507334672369814,0.8181818181818182,1.0,-0.269201334984057,-0.24651162790697675
0.05194805194805257,0.0,-4.736951571734046e-14,-0.5,0.0,1.0000000000000089,1.6463780672710957,0.0857142857142849,-0.2857170196965829,0.7098043599776411,0.25306054357762975,1.0,1.0,-0.5241655165507303,-0.2372093023255814
-0.4155844155844169,-69.33333333333017,1.0,0.6666666666666825,0.0,0.0,-1.0806077296778784,-0.11428571428571185,-1.4191848495380077,-0.4038457238680827,0.5749266532763005,-1.0,-1.0,0.8635520797832738,-0.22790697674418606
0.15584415584415034,0.0,0.33333333333331755,-0.6666666666666587,0.0,0.0,-0.3840084166228301,0.42857142857142855,1.2178268145691593,-0.31780883174958074,-0.7206992350587332,-0.8181818181818182,-1.0,0.5616554993209824,-0.2186046511627907
0.571428571428571,0.0,-0.3333333333333649,-0.5,0.0,0.0,0.001670947179503048,0.3428571428571437,0.5873980575118457,0.5915707098937955,0.5177840503406554,-0.6363636363636364,-1.0,-0.0045177621582046775,-0.20930232558139536
0.3636363636363606,149.33333333332638,0.33333333333331755,-0.5,0.0,1.0,-0.3120958009716248,-0.7428571428571412,-0.467885155318855,-0.5377305757406372,-0.5259481690566913,-0.45454545454545453,-0.3333333333333333,-0.5152048747623551,-0.2
-0.571428571428571,0.0,-0.3333333333333649,-0.5,-0.25,-1.0,-0.8684593248135656,0.028571428571426947,-0.5538166424955221,0.08742314141978759,-0.26005823251634325,-0.2727272727272727,-0.3333333333333333,-1.0901547294067973,-0.19069767441860466
0.8831168831168863,0.0,0.3333333333332702,-0.5,0.0,-1.0000000000000089,0.053284648946374975,0.9714285714285731,0.9631127153730557,0.1604024594745668,0.44897892908222803,-0.09090909090909091,-0.3333333333333333,0.108469146255727,-0.1813953488372093
-0.6233766233766271,62.66666666666414,0.0,-0.33333333333331755,0.0,0.0,1.5732277129684067,-0.6571428571428564,-1.0664345983298795,0.5336165455561767,0.9014575923590384,0.09090909090909091,0.3333333333333333,0.4855486870634343,-0.17209302325581396
0.7792207792207811,0.0,-4.736951571734046e-14,-0.16666666666665877,0.0,0.0,-1.8204041216697096,0.1142857142857159,0.8090519772074163,-0.7670430408049189,0.21924208756230867,0.2727272727272727,0.3333333333333333,0.1946282612525095,-0.16279069767441862
-0.20779220779221397,0.0,0.0,0.33333333333334125,0.0,0.0,0.5053068044682365,0.5714285714285714,-0.09163710228696453,0.276400223588597,-0.7067056366317691,0.45454545454545453,0.3333333333333333,0.2811554734955322,-0.15348837209302327
-0.3636363636363606,14.666666666666035,-0.6666666666667298,-0.5,0.0,0.0,0.7334220379366897,-0.3999999999999976,-0.15363408470772869,0.10459474566797093,-0.7801755872742604,0.6363636363636364,1.0,-0.09001105419487637,-0.14418604651162792
0.7792207792207738,0.0,-0.3333333333333649,-0.16666666666665877,-0.25,1.0000000000000089,-0.41123866695547234,0.1714285714285698,0.27920228610704784,-0.3556400223588597,-0.5131192209565867,0.8181818181818182,1.0,0.09548018533876788,-0.13488372093023257
0.10389610389610883,0.0,0.33333333333331755,0.16666666666668245,0.0,-1.0000000000000089,0.4342606058730699,-0.3428571428571396,-0.3016205947197366,-0.23686975964225823,0.5784250528830452,1.0,1.0,0.21007481260760133,-0.12558139534883722
-0.20779220779221397,131.99999999999622,0.33333333333331755,-0.5,0.0,0.0,-0.8234056378995576,0.3714285714285706,-0.5958697433950325,1.1685187255449971,-0.1947524005898912,-1.0,-1.0,0.13019771017349063,-0.11627906976744186
-0.05194805194805257,0.0,-0.3333333333333649,-0.16666666666665877,0.0,0.0,0.3450196491010923,-0.0857142857142849,0.379228735445721,-1.6701621017328117,0.5084543915725245,-0.8181818181818182,-1.0,-0.2356647888143547,-0.10697674418604651
-0.10389610389610145,0.0,-0.3333333333333649,-0.6666666666666587,0.0,0.0,0.26555682767583627,-0.6571428571428564,0.741137797502697,1.7941196198993852,-0.20408116963278988,-0.6363636363636364,-1.0,-0.07314173480713576,-0.09767441860465116
-0.20779220779220658,4.0,-0.3333333333333649,-0.5,0.0,-1.0,-0.9200730265804375,0.48571428571428654,-0.2297981097189686,-0.29196198993851313,-0.3008752671956084,-0.45454545454545453,-0.3333333333333333,0.04657106814287496,-0.08837209302325581
-0.46753246753246575,0.0,-0.6666666666667298,-0.4999999999999763,0.0,0.0,0.5879877463873503,-0.971428571428569,-0.9545406183190778,-0.5904080491894913,0.2600582325163449,-0.2727272727272727,-0.3333333333333333,0.6317942643141223,-0.07906976744186046
0.10389610389610145,0.0,0.6666666666666825,-0.16666666666665877,-0.1,0.0,0.023331373580468485,-0.1142857142857159,1.002735765653615,1.5252766908887647,0.2239069169463758,-0.09090909090909091,-0.3333333333333333,-0.8920985625486765,-0.06976744186046512
0.727272727272725,65.33333333333017,-4.736951571734046e-14,-0.33333333333334125,0.0,0.0,0.2625862549122753,1.5428571428571445,-1.1700251636954364,-1.0394633873672443,-0.9259481690566914,0.09090909090909091,0.3333333333333333,0.41306239992638055,-0.06046511627906977
-1.7662337662337615,0.0,-0.3333333333333649,-0.33333333333331755,0.0,0.0,-0.39131107466658416,-1.4285714285714286,0.3728444569852783,-0.3269312465064282,-0.3440233819790621,0.2727272727272727,0.3333333333333333,-0.4915167343278425,-0.05116279069767442
1.090909090909082,0.0,0.33333333333331755,0.0,-0.09999999999999999,0.0,-0.32348299656527524,0.2571428571428588,0.38218854587461193,0.5465846841811067,-0.646063744364147,0.45454545454545453,0.3333333333333333,0.7354885216587562,-0.04186046511627907
0.05194805194805257,94.66666666666414,-1.0000000000000473,-0.16666666666665877,0.0,-1.0000000000000089,0.051428040969149366,0.48571428571428654,-0.4947287425963083,-0.7934264952487423,-1.3247817392793675,0.6363636363636364,1.0,0.6399050345192666,-0.03255813953488372
-0.05194805194805257,0.0,-0.6666666666666825,2.368475785867023e-14,0.0,0.0,0.9234149209394437,-0.7142857142857143,0.17065835369701193,0.3732588038010061,-1.7644314544560784,0.8181818181818182,1.0,0.514003145517277,-0.023255813953488372
0.7792207792207811,0.0,-1.3333333333334123,-1.1666666666666825,0.0,-1.0,0.4645852028344215,0.8000000000000033,0.732759210283065,0.7676690888764673,-1.5883383714024524,1.0,1.0,0.09915754900463752,-0.013953488372093023
-0.8831168831168863,-29.333333333333965,0.6666666666666825,-1.1666666666666587,0.0,0.0,0.6144753535291023,-0.48571428571428654,-2.101981563059077,-0.7076579094466182,-0.6728862908912158,-1.0,-1.0,-0.6261401823479777,-0.004651162790697674
0.1558441558441577,0.0,0.9999999999999526,0.0,0.0,0.0,-0.18819816195810254,-0.4571428571428555,1.2472200850839466,0.5120626048071548,0.09096150381358481,-0.8181818181818182,-1.0,0.5402769886668001,0.004651162790697674
-3.691131094857655e-15,0.0,0.33333333333331755,-0.16666666666665877,0.0,0.0,-0.27545873688770617,0.1142857142857159,0.003425073925008419,-0.325321408608161,-0.3381925676802871,-0.6363636363636364,-1.0,-0.4237985696083847,0.013953488372093023
0.31168831168831174,78.66666666666414,-4.736951571734046e-14,-0.16666666666665877,0.0,0.0,-0.9354209858588359,0.3428571428571437,0.5371893799705266,0.2963443264393516,1.3166180654259463,-0.45454545454545453,-0.3333333333333333,-0.08476296183855553,0.023255813953488372
0.05194805194805257,0.0,0.33333333333331755,-0.16666666666665877,0.0,-1.0,-0.37311631648977317,-0.3714285714285706,-0.6433185553481738,0.6827948574622694,-0.00816367385342222,-0.2727272727272727,-0.3333333333333333,0.4560945919702924,0.03255813953488372
-0.20779220779220658,0.0,-0.3333333333333649,-0.33333333333331755,0.0,0.0,-0.23300430114181392,0.6285714285714293,0.36189190900428814,-0.5240469536053661,-0.18309032712972423,-0.09090909090909091,-0.3333333333333333,-0.37581240212549094,0.04186046511627907
0.6753246753246687,59.9999999999981,-1.333333333333365,-0.16666666666665877,0.0,0.0,-0.42188321935823253,-0.3714285714285706,-0.00023677898430549127,0.07454443823365009,-1.5265309390827384,0.09090909090909091,0.3333333333333333,-0.9585608660750796,0.05116279069767442
-1.0909090909090893,0.0,-4.736951571734046e-14,-0.8333333333333413,0.0,-1.0000000000000089,0.3612340254355293,-0.6571428571428564,-0.2872912980401299,-0.5007043040804919,0.15626822546527075,0.2727272727272727,0.3333333333333333,-0.05636534193008814,0.06046511627906977
-0.10389610389610145,0.0,-0.6666666666666825,-0.5,0.0,0.0,-0.24414394900516756,-0.42857142857142855,0.3726661989517396,0.09439910564561207,-0.5655978842334018,0.45454545454545453,0.3333333333333333,-0.164566083943765,0.06976744186046512
0.31168831168831174,59.9999999999981,-4.736951571734046e-14,-0.8333333333333175,0.0,0.0,0.2915493393569948,0.028571428571426947,-0.5193611948285822,0.015606484069312466,0.08862953398416738,0.6363636363636364,1.0,-0.4446032816140162,0.07906976744186046
-0.519480519480522,0.0,0.0,-0.33333333333334125,0.0,0.0,-0.36742271869294796,0.2285714285714318,0.7731891017191799,0.41851313583007266,-0.6623906472083761,0.8181818181818182,1.0,1.0361635244950447,0.08837209302325581
0.31168831168831174,0.0,-1.6666666666667298,-0.6666666666666587,0.0,0.0,2.6555063898257885,-0.5714285714285714,-0.6409312933429931,-0.028216880939072108,-0.6239069169463743,1.0,1.0,-0.49609900372405247,0.09767441860465116
0.9350649350649278,126.66666666666225,-0.6666666666666825,-1.3333333333333413,0.0,-1.0,-1.9170715103505895,0.5428571428571445,-1.041911875491903,-0.724740078256009,-0.4851315792400414,-1.0,-1.0,1.469987781968242,0.10697674418604651
-0.05194805194805257,0.0,-0.3333333333333649,-0.8333333333333175,0.0,0.0,-0.5174366432527772,-0.2857142857142857,0.7704902433342292,0.16854108440469537,-0.07113709108784483,-0.8181818181818182,-1.0,1.1347576501411603,0.11627906976744186
-0.5194805194805147,0.0,0.33333333333331755,-0.16666666666665877,-0.05,0.0,0.12210291796887088,0.40000000000000163,0.15270639914687695,0.9698826159865847,0.44897937394484166,-0.6363636363636364,-1.0,0.8708499685696377,0.12558139534883722
0.15584415584415034,42.66666666666414,0.3333333333332702,-0.16666666666665877,0.0,0.0,-0.21728502026797042,-0.31428571428571267,0.4165388187946186,-0.8496813862493013,0.7976671404453523,-0.45454545454545453,-0.3333333333333333,-1.1178332966063103,0.13488372093023257
-0.7792207792207738,0.0,0.0,0.33333333333334125,0.0,-1.0000000000000089,-0.22520654763746634,-0.17142857142857387,-0.25786004427347053,0.5765455561766349,0.2845479194887632,-0.2727272727272727,-0.3333333333333333,-0.247138957387105,0.14418604651162792
0.7792207792207738,0.0,0.33333333333331755,0.33333333333334125,0.0,0.0,0.028406102051551814,-0.0857142857142849,0.06428481522041132,-0.4091224147568474,-0.1760930830536252,-0.09090909090909091,-0.3333333333333333,-1.0384939048554327,0.15348837209302327
-0.46753246753246575,39.9999999999981,-0.3333333333333649,0.16666666666668245,0.0,0.0,0.2202555930315314,0.08571428571428896,-0.14682400939736567,0.2593180547792063,-0.8711375359504613,0.09090909090909091,0.3333333333333333,0.5004052001855823,0.16279069767441862
0.6233766233766198,0.0,-0.6666666666667298,-0.33333333333331755,0.0,-1.0,-0.5041928396819012,0.0,-0.11263227163423808,0.1807043040804919,0.2752187055832492,0.2727272727272727,0.3333333333333333,-2.111417984121746,0.17209302325581396
-0.20779220779220658,0.0,0.33333333333331755,-0.16666666666665877,0.0,0.0,0.47436333818114307,-0.31428571428571267,0.10883875180891835,0.005947456679709335,0.3265304942201226,0.45454545454545453,0.3333333333333333,-1.2790075629097817,0.1813953488372093
0.20779220779220658,53.33333333333207,0.6666666666666351,0.5,0.0,0.0,0.4512176253983971,0.6571428571428564,0.1293332024464182,-0.4570598099496926,-0.24723061900408616,0.6363636363636364,1.0,2.026014911998369,0.19069767441860466
-0.10389610389610145,0.0,0.33333333333331755,0.6666666666666825,0.0,0.0,-0.653092799455395,-0.5428571428571404,0.05283292745958354,0.9629960871995529,0.21457681331562706,0.8181818181818182,1.0,0.8109493593371182,0.2
-0.9870129870129914,0.0,1.0,0.6666666666666825,0.0,0.0,1.0215675960021042,1.028571428571427,0.19778470518284713,-0.6560536612632756,0.41282805837487335,1.0,1.0,-1.3532874219231232,0.20930232558139536
0.31168831168831174,158.66666666666035,-4.736951571734046e-14,0.5000000000000236,0.0,-1.0,-0.40146053160875084,-1.3999999999999975,-1.2762756431216922,0.05200670765790945,-0.19241998589785517,-1.0,-1.0,-1.918091145118505,0.2186046511627907
0.8311688311688301,0.0,0.6666666666666351,0.0,0.0,0.0,0.3458860661571309,1.3714285714285706,0.48325458302772717,0.25958636109558414,0.05364375846629167,-0.8181818181818182,-1.0,-0.7315152366772818,0.22790697674418606
-0.31168831168831174,0.0,-1.0000000000000473,2.368475785867023e-14,0.0,-1.0000000000000089,-0.9896339387938237,-0.3999999999999976,1.0421680221739453,0.9370598099496925,-0.4839651494627182,-0.6363636363636364,-1.0,0.6964260057997871,0.2372093023255814
0.9870129870129841,117.33333333332828,0.33333333333331755,0.0,0.0,0.0,-0.545161989046013,0.2571428571428588,-0.8352599195701506,-0.9383119060927892,-0.23440211576659764,-0.45454545454545453,-0.3333333333333333,-0.03646463345566402,0.24651162790697675
-3.691131094857655e-15,0.0,-0.3333333333333649,-0.33333333333331755,0.0,-1.0,-0.16344338892842777,-0.5428571428571445,-0.564276536417576,-0.18866405813303522,-0.20408205935801885,-0.2727272727272727,-0.3333333333333333,0.24126473883252275,0.2558139534883721
-0.10389610389610145,0.0,-0.3333333333333649,0.0,0.0,0.0,0.5244917535662345,0.28571428571428975,1.324106126166803,-0.49524874231414195,-0.35218661096986736,-0.09090909090909091,-0.3333333333333333,-1.24876223917705,0.2651162790697674
0.1558441558441577,94.66666666666414,0.0,0.0,0.0,0.0,0.13584181700034037,-0.1142857142857159,-1.3076630134668907,0.2304304080491895,0.3953347257533194,0.09090909090909091,0.3333333333333333,1.042502375603092,0.2744186046511628
0.9870129870129841,0.0,0.6666666666666351,2.368475785867023e-14,0.0,-1.0000000000000089,-0.31333353962310856,0.7714285714285722,-0.05923195629176532,0.21782001117942984,-0.4291545163564864,0.2727272727272727,0.3333333333333333,0.29931944863904386,0.2837209302325581
-0.46753246753247313,0.0,0.33333333333331755,0.6666666666666825,0.0,0.0,-0.6522263823993564,0.05714285714285795,0.9395837413755899,0.6113359418669648,0.4314864861859038,0.45454545454545453,0.3333333333333333,-0.3231005155842495,0.2930232558139535
-0.727272727272725,130.66666666666225,-0.6666666666667298,0.16666666666668245,0.0,0.0,1.7770832688677787,0.17142857142857387,-0.4861923305776429,-0.5672442705422024,0.22973773124514832,0.6363636363636364,1.0,0.11233146074384966,0.3023255813953488
1.6103896103896076,0.0,1.3333333333333175,-0.16666666666665877,0.0,-1.0,-1.2199771018349475,-0.14285714285714285,-0.009781481286442526,-0.18186696478479597,0.26588904681511744,0.8181818181818182,1.0,-0.21785357353182316,0.3116279069767442
-0.3636363636363606,0.0,0.0,0.33333333333334125,0.0,0.0,0.8664789429711917,0.6857142857142874,0.3939594678797127,1.4746562325321408,0.26588860195250213,1.0,1.0,1.3812781500226339,0.3209302325581395
-0.4155844155844169,-66.66666666666414,-4.736951571734046e-14,0.5,0.0,-1.0,0.4794380666522264,-1.3428571428571436,-0.4111946713634411,-0.4042034656232532,0.4163269028442293,-1.0,-1.0,-0.07195895174384942,0.3302325581395349
-1.2467532467532432,0.0,-4.736951571734046e-14,-0.4999999999999763,0.0,0.0,-1.4220998236222422,0.2571428571428588,-0.42959030706690826,0.1040581330352152,-0.44664784897803955,-0.8181818181818182,-1.0,0.3804524122662092,0.3395348837209302
0.727272727272725,0.0,0.0,0.0,0.0,-1.0000000000000089,-0.24760961722932204,-0.5714285714285714,1.1630236260527542,-0.6467523756288429,0.2985424076409604,-0.6363636363636364,-1.0,0.7118554153713531,0.3488372093023256
-0.1558441558441577,99.9999999999962,0.6666666666666351,0.16666666666668245,0.0,0.0,0.16443357984961476,-0.22857142857142776,-0.18966122000136615,0.2027948574622694,0.33702569304034696,-0.45454545454545453,-0.3333333333333333,0.05902412277486681,0.3581395348837209
0.883116883116879,0.0,1.3333333333333175,0.5,0.0,-1.0,-1.0582046600860229,0.3428571428571437,-1.4023422650142252,1.2279932923420906,-0.26472306190040873,-0.2727272727272727,-0.3333333333333333,0.15493871699614603,0.3674418604651163
-0.31168831168831174,0.0,-4.736951571734046e-14,0.5000000000000236,0.0,0.0,0.9185877401986571,-0.8857142857142841,0.8647073026384852,-1.0308775852431526,0.7428569522017366,-0.09090909090909091,-0.3333333333333333,-0.7079191205543292,0.3767441860465116
-0.8311688311688301,-99.9999999999962,-0.6666666666666825,0.16666666666668245,0.0,0.0,-0.28771234953739516,-0.11428571428571185,-0.8535691423309646,-0.537551704863052,-0.7148688656225745,0.09090909090909091,0.3333333333333333,-0.5544315908635196,0.386046511627907
0.571428571428571,0.0,0.33333333333331755,0.16666666666668245,0.0,-1.0000000000000089,-0.3668038493672061,0.25714285714285473,0.6030259301193199,0.4613527110117384,0.034985330655260403,0.2727272727272727,0.3333333333333333,-0.2875123685862382,0.3953488372093023
-0.4155844155844169,0.0,1.3333333333333175,0.8333333333333413,0.0,0.0,0.18262833802642572,-0.028571428571426947,-0.12039627395999147,-0.4431078814980436,0.3160344056746677,0.45454545454545453,0.3333333333333333,1.2561160643096565,0.4046511627906977
-0.31168831168831174,86.66666666666225,0.33333333333331755,0.16666666666668245,0.0,0.0,-0.13745087724726923,0.0,-0.18037187045191422,-0.9408160983789827,-1.012245288348826,0.6363636363636364,1.0,0.5681964430348084,0.413953488372093
-0.9870129870129841,0.0,0.3333333333332702,0.33333333333334125,0.0,-1.0,0.44973233901661663,-0.4285714285714245,0.013275815101415983,0.17006148686416991,-1.7632650246787542,0.8181818181818182,1.0,-0.5520660247369469,0.4232558139534884
0.6753246753246687,0.0,-2.0000000000000475,-0.6666666666666587,0.0,0.0,0.6434384379738218,0.42857142857142855,0.5400541278053481,1.9973169368362214,-0.7300293386894795,1.0,1.0,-0.36868322457698705,0.4325581395348837
-0.31168831168831174,77.33333333333017,-0.6666666666666825,0.16666666666668245,0.0,0.0,-0.4227496364142711,-1.085714285714285,-0.6714619303404082,-0.7623029625489101,0.8909619486762005,-1.0,-1.0,0.33008443907234986,0.4418604651162791
-0.10389610389610145,0.0,-4.736951571734046e-14,-0.5,0.0,0.0,0.06207259337190952,-1.057142857142858,0.020448005770111438,-0.39275572945779763,0.3137024358452502,-0.8181818181818182,-1.0,-1.5646835051609174,0.4511627906976744
0.46753246753246575,0.0,0.0,-0.16666666666665877,0.0,0.0,-0.2164186032119318,0.2857142857142857,-0.0656290629791879,-0.0402012297372834,0.25422697335495376,-0.6363636363636364,-1.0,-0.7987886172241995,0.4604651162790698
-0.727272727272725,9.333333333333965,1.666666666666635,0.16666666666668245,0.0,-1.0,0.07779187424575301,-0.1428571428571388,0.16321296775797509,0.748351034097261,0.35335259588457607,-0.45454545454545453,-0.3333333333333333,0.7800724962113276,0.4697674418604651
-3.691131094857655e-15,0.0,0.6666666666666351,-0.33333333333334125,0.0,1.0,-0.23931676826438097,-0.6000000000000024,0.07405198488554904,-0.20520961430967022,-1.3002916074443316,-0.2727272727272727,-0.3333333333333333,-0.1855386049881237,0.4790697674418605
-0.6233766233766198,0.0,-0.3333333333333649,-0.5,0.0,0.0,-0.31407618281399885,0.40000000000000163,-0.1338491562009106,-0.10772498602571269,0.493294363368233,-0.09090909090909091,-0.3333333333333333,-0.7244564306611473,0.4883720930232558
-0.10389610389610883,37.33333333333207,0.0,-0.16666666666665877,0.0,0.0,0.12061763158709038,-0.22857142857142776,-0.3432255433900621,-0.02946897708216881,-0.07346950577987756,0.09090909090909091,0.3333333333333333,0.7507311760098033,0.49767441860465117
0.1558441558441577,0.0,-0.3333333333333649,-0.6666666666666587,0.0,0.0,0.25837794349723053,-0.2857142857142857,-0.22404028330700534,0.06792621576299608,-0.49212882331614044,0.2727272727272727,0.3333333333333333,-0.9878480543286274,0.5069767441860465
-0.46753246753246575,0.0,-4.736951571734046e-14,2.368475785867023e-14,0.0,0.0,0.08571340161524894,0.42857142857143266,-0.2175965855020497,0.10226942425936278,-0.20641402918743545,0.45454545454545453,0.3333333333333333,-0.38898631386470306,0.5162790697674419
-0.46753246753246575,-5.3333333333339645,0.0,-0.5,0.0,0.0,0.6048209920475291,-0.22857142857142776,1.6824098714418394,0.6365567356064841,-0.07346950577987756,0.6363636363636364,1.0,-1.6489200338054015,0.5255813953488372
0.31168831168830435,0.0,0.3333333333332702,0.16666666666668245,0.0,0.0,-0.054398613732710335,-0.5142857142857135,-0.926414333700898,-0.607043040804919,0.029154071493870917,0.8181818181818182,1.0,-0.5237586247417737,0.5348837209302325
-1.2467532467532432,0.0,0.0,0.0,0.0,0.0,3.0550484265247393,-0.40000000000000163,-0.28014651882713115,0.3452655114589156,0.6005832148886623,1.0,1.0,-1.4624120158489322,0.5441860465116279
1.7662337662337615,-306.6666666666547,-4.736951571734046e-14,0.6666666666666825,0.0,0.0,-2.812327876968778,1.3428571428571436,-0.6037896483750599,-0.08974846282839576,-1.1941691857012262,-1.0,-1.0,0.96255129284008,0.5534883720930233
3.691131094857655e-15,0.0,0.0,-0.6666666666666587,0.0,0.0,-0.8791038772163258,-0.7142857142857143,0.5199601518498538,-0.24089435438792622,-0.8793007649412674,-0.8181818181818182,-1.0,0.46071565592921887,0.5627906976744186
-4.675324675324669,0.0,-1.0000000000000473,-1.5,0.0,0.0,-3.940402883931058,-4.17142857142857,-0.38109764515225,-0.796825041922862,-2.917784050340655,-0.6363636363636364,-1.0,-0.15298004267853,0.5720930232558139
-9.090909090909074,-1213.3333333332866,-0.6666666666667298,-1.5000000000000238,0.0,8.000000000000027,2.481604109292323,-6.114285714285712,0.11239171103904765,0.7181218557853549,-0.2775511202752811,-0.45454545454545453,-0.3333333333333333,1.3392988243668649,0.5813953488372093
3.532467532467527,0.0,-0.3333333333333649,-0.6666666666666587,0.0,4.000000000000018,0.803725593340966,1.8857142857142861,-0.516131281275267,1.356690888764673,1.8553934031322785,-0.2727272727272727,-0.3333333333333333,-1.3126740257546274,0.5906976744186047
4.3636363636363535,0.0,0.6666666666666825,2.368475785867023e-14,0.0,2.000000000000009,0.3915586223968809,5.085714285714287,0.43140184493095063,-1.249904974846283,0.35451858079928483,-0.09090909090909091,-0.3333333333333333,1.0693861053664835,0.6
0.46753246753246575,1081.3333333332923,-3.333333333333412,0.16666666666665877,0.0,0.0,0.6382399356375901,1.028571428571427,0.027222730331207184,0.8203465623253214,0.030320501271194934,0.09090909090909091,0.3333333333333333,-0.5597708053322675,0.6093023255813953
0.10389610389610145,0.0,-0.3333333333333649,2.368475785867023e-14,0.0,-1.0000000000000089,-0.07036544233685058,0.9142857142857151,0.9093781975570145,-0.8291112353269984,0.18658872673646568,0.2727272727272727,0.3333333333333333,-0.6336789583028372,0.6186046511627907
0.9350649350649352,0.0,-0.6666666666666825,0.33333333333334125,0.0,0.0,-0.10564099390413714,0.7428571428571453,-0.4982758518206486,1.4830631637786473,-0.36501466934473975,0.45454545454545453,0.3333333333333333,0.7309603842105228,0.627906976744186
1.6623376623376565,153.33333333332638,-0.3333333333333649,0.16666666666668245,0.0,-1.0,-0.002908685830986787,0.7999999999999992,0.24580364198587173,-1.1889994410285076,-0.602915629580695,0.6363636363636364,1.0,0.6384091883568496,0.6372093023255814
0.675324675324676,0.0,-0.3333333333333649,0.33333333333334125,0.0,-1.0000000000000089,-0.20230838258501718,0.45714285714285957,-0.2563949103236421,-0.9385802124091671,1.0274048716905007,0.8181818181818182,1.0,0.5106956834959133,0.6465116279069767
0.6233766233766198,0.0,-4.736951571734046e-14,1.0000000000000238,0.0,0.0,3.594083609245908,-0.5428571428571404,0.37457459619734385,2.5004807154835103,0.284547919488764,1.0,1.0,-0.148860601437519,0.6558139534883721
-1.2467532467532432,-151.99999999999432,5.666666666666682,1.6666666666666825,0.0,-1.0,-3.005291332735093,-0.3142857142857167,-0.8337736838137264,-1.2649301285634433,0.34285695220173645,-1.0,-1.0,-0.6656077856176377,0.6651162790697674
-1.1428571428571455,0.0,1.0,1.0000000000000238,0.0,1.0,-0.42633907850357394,0.5714285714285755,0.2787659592467077,-0.6337842370039128,0.9982503553340144,-0.8181818181818182,-1.0,-2.1891875493813058,0.6744186046511628
1.5064935064935023,0.0,0.33333333333331755,1.333333333333365,0.0,-1.0,0.6272240616393848,0.9428571428571421,0.7221271172620393,1.8343655673560648,-0.35918385504596556,-0.6363636363636364,-1.0,-3.7835520527172997,0.6837209302325581
-0.1558441558441577,343.99999999998676,0.6666666666666351,1.1666666666666825,0.0,0.0,-0.015162298480675806,0.5428571428571445,-0.5351645258239677,-0.2355282280603689,0.4291545163564864,-0.45454545454545453,-0.3333333333333333,1.5384069554139954,0.6930232558139535
-0.3636363636363606,0.0,0.6666666666666351,1.6666666666666825,0.0,0.0,-0.9402481665996225,-1.2571428571428587,-0.4375002252513389,-1.4410285075461151,0.23323568598927447,-0.2727272727272727,-0.3333333333333333,1.1677763340085543,0.7023255813953488
-0.9870129870129841,0.0,1.0,1.666666666666706,0.0,-2.000000000000009,0.8022403069591856,1.5428571428571445,0.7554084269813925,0.9646059250978201,0.7475217815858021,-0.09090909090909091,-0.3333333333333333,1.1656886452149275,0.7116279069767442
0.727272727272725,5.3333333333339645,1.666666666666635,2.833333333333365,0.0,-2.000000000000009,0.10477457684809853,0.9714285714285731,-1.318081079847554,-0.46725544997205143,-0.030321390996425543,0.09090909090909091,0.3333333333333333,-0.16770573692640153,0.7209302325581395
-2.4935064935064903,0.0,0.33333333333331755,2.0000000000000235,0.0,-1.0,-0.47535352910233003,-3.057142857142858,0.636174361135754,-0.014533258803801007,-0.7218656648360573,0.2727272727272727,0.3333333333333333,0.9955880206901327,0.7302325581395349
0.3636363636363606,0.0,0.33333333333331755,2.833333333333365,0.0,-1.0,-0.4973852770987406,0.8000000000000033,-0.8480665851001751,1.0014533258803802,0.6752182607206332,0.45454545454545453,0.3333333333333333,-0.5133743127216167,0.7395348837209302
1.5584415584415587,85.33333333333017,1.9999999999999527,5.000000000000071,0.0,-1.0000000000000089,1.6164247919051893,-1.5999999999999983,0.7020699127715038,-0.572520961430967,0.909620821349847,0.6363636363636364,1.0,-2.3972942145803953,0.7488372093023256
0.15584415584415034,0.0,2.0,1.8333333333333413,0.0,-1.0,-0.021846087198687997,0.8857142857142841,0.6019489022678288,0.05701509223029626,-2.114285650733913,0.8181818181818182,1.0,3.0329774082570617,0.7581395348837209
0.31168831168831174,0.0,0.33333333333331755,6.000000000000071,0.0,0.0,2.6767954946313086,0.5714285714285714,-0.7867544712142681,0.13974287311347122,0.9667634242854954,1.0,1.0,0.6179184416494816,0.7674418604651163
-3.691131094857655e-15,25.33333333333207,4.333333333333365,6.333333333333412,0.0,-1.0000000000000089,-3.3196769502119627,0.8857142857142881,0.5885829343986305,-0.40295136948015653,1.4227404871690505,-1.0,-1.0,-0.7004741733092957,0.7767441860465116
3.691131094857655e-15,0.0,1.9999999999999527,2.333333333333365,0.0,0.0,-1.3763034935173437,-0.8571428571428571,0.6981052802768591,-0.8033538289547233,0.7965011555306436,-0.8181818181818182,-1.0,0.4808184570094219,0.786046511627907
-2.337662337662336,0.0,8.333333333333412,9.166666666666753,0.0,-1.0,-0.2490949036111025,-1.4285714285714286,-1.9940985141601635,0.22926774734488542,0.44548052947548494,-0.6363636363636364,-1.0,2.0857892133522764,0.7953488372093023
0.571428571428571,-2.666666666666035,1.3333333333333175,5.333333333333389,0.0,0.0,0.21877030664975092,-0.4285714285714245,0.5440902557278843,0.13893795416433763,0.427988531441776,-0.45454545454545453,-0.3333333333333333,0.06351527005864971,0.8046511627906977
0.675324675324676,0.0,4.0,3.166666666666706,0.0,0.0,-0.6824272054955596,-0.20000000000000082,-0.4344406722237472,0.4273672442705422,1.0775502305500542,-0.2727272727272727,-0.3333333333333333,0.35480469531494757,0.813953488372093
0.10389610389610145,0.0,-0.6666666666666825,1.333333333333365,0.0,3.000000000000009,-0.5827892440511186,-0.25714285714285473,1.5155997142313955,-2.703588596981554,-1.125364064442799,-0.09090909090909091,-0.3333333333333333,0.030884531818420696,0.8232558139534883
-0.10389610389610883,82.66666666666225,1.9999999999999527,7.66666666666673,0.5,1.0000000000000089,-0.040040845375498964,0.3428571428571437,-2.6115300626417577,1.84545556176635,-0.918950480117978,0.09090909090909091,0.3333333333333333,-0.1475307599155632,0.8325581395348837
-0.727272727272725,0.0,2.0,11.833333333333483,0.0,1.0,0.4725067302039174,-0.7714285714285722,2.1979359487253673,0.32880939072107324,-1.1440233819790624,0.2727272727272727,0.3333333333333333,0.36493097838308325,0.8418604651162791
0.883116883116879,0.0,8.66666666666673,3.8333333333333885,0.75,0.0,-0.9138843333230189,-0.8285714285714262,-2.1863226843762775,0.10906651760760201,-1.2594759073529123,0.45454545454545453,0.3333333333333333,-1.2335168782286041,0.8511627906976744
-0.46753246753246575,-71.9999999999962,4.333333333333365,-4.833333333333389,0.0,0.0,0.9226722777485534,0.22857142857142776,2.6283793328864413,-0.05871436556735606,0.7346937232109297,0.6363636363636364,1.0,0.6187665088344467,0.8604651162790697
0.2597402597402629,0.0,1.3333333333333175,-7.166666666666706,0.75,0.0,-0.7069344307949377,-0.9428571428571421,-2.1725681925511853,-0.37334823923979876,-0.7836730971557712,0.8181818181818182,1.0,-1.2598286137417107,0.8697674418604651
-1.5584415584415587,0.0,-6.000000000000095,-1.5000000000000238,0.5,0.0,1.8319150911285083,0.3714285714285706,1.8406494358855083,2.5143432084963666,-0.12011690989530163,1.0,1.0,1.27775260391586,0.8790697674418605
1.1428571428571381,19.999999999998106,4.666666666666682,-1.8333333333333413,0.0,0.0,-0.5397159389794844,-0.3999999999999976,-1.9509620339743055,-1.3921073225265512,-0.2483966039187949,-1.0,-1.0,-0.9365183368590524,0.8883720930232558
1.0909090909090893,0.0,2.3333333333333175,-2.0,0.5,0.0,-0.03954574991490547,1.028571428571431,1.5301635125716258,-0.10522079373951929,-0.2985424076409604,-0.8181818181818182,-1.0,-2.038711560396255,0.8976744186046511
-1.3506493506493484,0.0,2.3333333333333175,-2.6666666666666825,0.5,1.0,-1.3041433301358418,-2.2857142857142856,1.0428032074453524,-0.44874231414197874,-0.24723106386670146,-0.6363636363636364,-1.0,-0.2576892740477232,0.9069767441860465
-0.31168831168831174,-21.33333333333207,0.6666666666666351,1.0,0.0,0.0,0.09029303462573877,-0.2857142857142857,-3.272234145729556,0.49721632196757964,0.04314855964606732,-0.45454545454545453,-0.3333333333333333,-0.757679011532586,0.9162790697674419
0.675324675324676,0.0,-1.0,-2.6666666666666825,0.25,0.0,0.5815515053996348,1.3428571428571436,1.4922810479420403,-0.47923979877026274,-1.0997088374182848,-0.2727272727272727,-0.3333333333333333,0.36450514039233484,0.9255813953488372
-1.2987012987012996,0.0,0.9999999999999526,-1.0,0.25,1.0000000000000089,-1.376674815112789,1.7428571428571453,1.9346660071342279,-0.32344326439351595,0.21107885857150174,-0.09090909090909091,-0.3333333333333333,-3.1369856308999595,0.9348837209302325
-0.20779220779220658,26.666666666666035,0.33333333333331755,-1.4999999999999762,0.0,0.0,1.4566327319986385,-3.4285714285714284,-2.511163184751926,1.055830072666294,1.2151604730669057,0.09090909090909091,0.3333333333333333,1.1217136550770919,0.9441860465116279
-0.519480519480522,0.0,1.666666666666635,0.4999999999999763,0.25,0.0,-0.5226351455890089,0.6857142857142874,1.5998791179875234,-0.5074119619899385,0.12711281938355393,0.2727272727272727,0.3333333333333333,-1.3715226707981372,0.9534883720930233
-0.2597402597402555,0.0,1.0,0.16666666666670615,0.25,0.0,-0.14450598756072655,-0.42857142857142855,-1.396544574991386,-0.4511570709893795,0.7486882113631261,0.45454545454545453,0.3333333333333333,-1.5036515382156892,0.9627906976744186
-0.2597402597402629,-51.9999999999981,-0.6666666666666825,-0.33333333333331755,0.0,1.0,-0.829223009561531,-0.6571428571428564,0.14126307746595426,0.4787926215762996,-1.2256565616123605,0.6363636363636364,1.0,1.9330396825522131,0.9720930232558139
-0.1558441558441577,0.0,-0.6666666666667298,-1.333333333333365,0.0,0.0,0.3122195748367732,0.31428571428571267,1.0418210332591527,-0.005947456679709335,-0.6763846904979572,0.8181818181818182,1.0,1.9402825371914676,0.9813953488372092
-1.0389610389610329,0.0,-0.6666666666666825,-1.6666666666666587,0.0,0.0,1.290280657239224,2.742857142857145,0.19771830761714318,2.5153269983230855,-0.5889211414284986,1.0,1.0,-1.0469926206877418,0.9906976744186047
0.4155844155844095,33.33333333333207,2.0,-0.33333333333334125,0.0,1.0000000000000089,1.518395890707677,-3.342857142857144,-1.117362199796898,-2.4850978200111795,0.4034979547441263,-1.0,-1.0,2.0536943813970145,1.0
